{
    "iterations": [
        1
    ],
    "accuracies": {
        "knn_basic": [
            0.01894849212703496
        ],
        "knn_weighted": [
            0.02121697357886309
        ],
        "knn_large": [
            0.022551374432879637
        ],
        "knn_manhattan": [
            0.017614091273018415
        ]
    },
    "best_model": null
}